id,name,org
0,Sean Axmaker,Nitrate Online
1,Leigh Paatsch,New York Post
2,Nell Minow,Chicago Sun-Times
3,Kimberly Pierce,CC2K
4,George Thomas,Akron Beacon Journal
5,Noel Murray,Los Angeles Times
6,Rebecca Murray,About.com
7,Vikram Murthi,New York Magazine/Vulture
8,Steve Murray,Atlanta Journal-Constitution
9,Randy Myers,Contra Costa Times
10,Kimber Myers,Los Angeles Times
11,Dan Murrell,Screen Junkies
12,Shaun Munro,Film School Rejects
13,Sean Mulvihill,FanboyNation.com
14,Paul Mount,Starburst
15,Charles Mudede,"The Stranger (Seattle, WA)"
16,Kate Muir,Daily Mail (UK)
17,María Fernanda Mugica,La Nación (Argentina)
18,Angelo Muredda,Film Freak Central
19,Joe Morgenstern,Wall Street Journal
20,Kenneth R. Morefield,Christianity Today
21,Clint Morris,Film Threat
22,Rafael Motamayor,Total Film
23,James Mottram,Total Film
24,Wesley Morris,Boston Globe
25,Roger Moore,Orlando Sentinel
26,Leigh Monson,Birth.Movies.Death.
27,Louisa Moore,Screen Zealots
28,Wilson Morales,BlackFilm.com
29,Katherine Monk,CBC Infoculture
30,Bob Mondello,NPR.org
31,Marc Mohan,Oregonian
32,Jared Mobarak,The Film Stage
33,Eric Monder,Film Journal International
34,Matthew Monagle,Austin Chronicle
35,Danny Minton,Houston Community Newspapers
36,Simon Miraudo,Guardian
37,Prairie Miller,NY Rock
38,Neil Miller,Film School Rejects
39,Jenni Miller,Film.com
40,Jordan Mintzer,Hollywood Reporter
41,Ross Miller,The National (Scotland)
42,Brad Miska,Bloody Disgusting
43,Scott Mendelson,Film Threat
44,Scott Menzel,We Live Entertainment
45,Ashley Menzel,We Live Entertainment
46,Carla Meyer,Sacramento Bee
47,David Medsker,Bullz-Eye.com
48,Tony Medley,Tolucan Times
49,Tom Meek,Anchorage Press
50,Cameron Meier,Orlando Weekly
51,Eric Melin,Kansas City Star
52,Michael McNeely,That Shelf
53,Sean P. Means,Film.com
54,Andre Meadows,Black Nerd Comedy
55,Drew McWeeny,rec.arts.movies.reviews
56,Dan Mecca,The Film Stage
57,Mike McGranaghan,Aisle Seat
58,Sarah McIntyre,RTÉ (Ireland)
59,Stuart McGurk,Times (UK)
60,Brent McKnight,PopMatters
61,Katherine McLaughlin,Sight and Sound
62,Maitland McDonagh,Boxoffice Magazine
63,Soraya Nadia McDonald,NPR's Fresh Air
64,Melanie McFarland,Salon.com
65,Hannah McGill,Sight and Sound
66,Brandy McDonnell,The Oklahoman
67,Todd McCarthy,Film Comment Magazine
68,Mike McCahill,BBC.com
69,Garry McConnachie,The Mail on Sunday (UK)
70,Roe McDermott,Hot Press
71,Glenn Sumi,NOW Toronto
72,Neely Swanson,Easy Reader (California)
73,Dominick Suzanne-Mayer ,Consequence of Sound
74,Frank Swietek,One Guy's Opinion
75,Adam Sweeting,The Arts Desk
76,Chris Stuckmann,Moviedex
77,Kristy Strouse,Film Inquiry
78,M Suganth,The Times of India
79,Craig Mathieson,The Age (Australia)
80,Stephen Mayne,PopMatters
81,Demetrios Matheou,London Evening Standard
82,Matt Maytum,Total Film
83,Joel Mayward,Christianity Today
84,Philip Martin,Arkansas Democrat-Gazette
85,Tim Martain,The Mercury
86,Andrew Marshall,Starburst
87,Lee Marshall,Screen International
88,José Martín,El antepenúltimo mohicano
89,Adolfo C. Martinez,La Nación (Argentina)
90,Luis Martínez,El Mundo (Spain)
91,Kiko Martinez,Remezcla
92,Beatriz Martínez,Sensacine
93,Oliver Lyttelton,The Playlist
94,Jon Lyus,HeyUGuys
95,Richard Kuipers,Urban Cinefile
96,Becky Kukla,Film Inquiry
97,Josh Kupecki,Austin Chronicle
98,Sarah Kurchak,Consequence of Sound
99,James Marsh,Screen International
100,Dan Lybarger,eFilmCritic.com
101,Jeff Strickler,Minneapolis Star Tribune
102,Jaime Fa de Lucas,Culturamas
103,Violet Lucca,Film Comment Magazine
104,Alberto Luchini,El Mundo (Spain)
105,John Lui,The Straits Times (Singapore)
106,Carson Lund,Boston Phoenix
107,Jeffrey Lyles,Gazette (MD)
108,Germain Lussier,Countingdown.com
109,Hannah Lynn,Pittsburgh City Paper
110,James Luxford,Little White Lies
111,David Stratton,Variety
112,Jay Stone,National Post
113,Eddie Strait,The Daily Dot
114,Anna Storm,Film Journal International
115,Damien Straker,Impulse Gamer
116,Henry Stewart,Slant Magazine
117,Dana Stevens,New York Times
118,tt stern-enzi,Cincinnati CityBeat
119,Marlow Stern,Manhattan Movie Magazine
120,Isabel Stevens,Sight and Sound
121,Tim Stevens,Sky Cinema
122,Sara Stewart,New York Post
123,Victor Stiff,Film School Rejects
124,Carlos Marañón,Cinemanía (Spain)
125,Piers Marchant,PopMatters
126,Francisco Marinero,El Mundo (Spain)
127,Scott Marks,San Diego Reader
128,Calum Marsh,Film Comment Magazine
129,Sarah Marrs,Lainey Gossip
130,Linda Marric,Empire Magazine
131,Cate Marquis,We Are Movie Geeks
132,Nora Lee Mandel,Film-Forward.com
133,Vincent Mancini,"The Stranger (Seattle, WA)"
134,Ben Mankiewicz,Turner Classic Movies Online
135,Lisa Johnson Mandell,AtHomeInHollywood.com
136,Sarah Manvel,Kamera.co.uk
137,Leonard Maltin,indieWire
138,Oktay Ege Kozak,Paste Magazine
139,Carl Kozlowski,Pasadena Weekly
140,Gary M. Kramer,Film Journal International
141,Daniel Krauze,El Financiero
142,Karen Krizanovich,Empire Magazine
143,Deborah Krieger,PopMatters
144,Panos Kotzathanasis,easternKicks.com
145,Robert Kojder,What Culture
146,Dan Kois,"City Pages, Minneapolis/St. Paul"
147,Genevieve Koski,New York Magazine/Vulture
148,Charles Koplinski,Illinois Times
149,Eric Kohn,indieWire
150,Frank Lovece,Film Journal International
151,Justin Lowe,Hollywood Reporter
152,Carlos Losilla,Sensacine
153,Clarisse Loughrey,Independent (UK)
154,Andrew Lowry,Empire Magazine
155,Glenn Lovell,Boston Globe
156,Jean Lowerison,San Diego Metropolitan
157,Rob Lowman,Los Angeles Daily News
158,Brian Lowry,CNN.com
159,Wesley Lovell,Apollo Guide
160,Adam Lowes,CineVue
161,Kurt Loder,Reason Online
162,Christopher Lloyd,Sarasota Herald-Tribune
163,Robert Lloyd,L.A. Weekly
164,Guy Lodge,Guardian
165,Camilla Long,Sunday Times (UK)
166,Tom Long,Detroit News
167,Matt Looker,Total Film
168,Kristen Lopez,IGN Movies
169,Joshua Starnes,ComingSoon.net
170,Tony Stamp,Flicks.co.nz
171,Raquel Stecher,Cine Suffragette
172,Terry Staunton,Radio Times
173,Orlando Maldonado,Movie Network
174,Greg Maki,"Star-Democrat (Easton, MD)"
175,Kate Stables,Total Film
176,Rob Staeger,L.A. Weekly
177,Wade Major,Boxoffice Magazine
178,Geoffrey Macnab,Guardian
179,Christopher Machell,The Skinny
180,Adrian Mack,Georgia Straight
181,Tony Macklin,Bright Lights Film Journal
182,Hope Madden,Columbus Underground
183,Arturo Magaña,Cine Premiere
184,Joey Magidson,Hollywood News
185,Liam Maguren,Flicks.co.nz
186,Kevin Maher,Sunday Times (UK)
187,Moira MacDonald,Film.com
188,Jacob Knight,Birth.Movies.Death.
189,Lewis Knight ,Daily Mirror (UK)
190,Sam C. Mac,Slant Magazine
191,Robert Koehler,Christian Science Monitor
192,Alexandra MacAaron,Women's Voices for Change
193,Stuart Klawans,Film Comment Magazine
194,Rick Kisonak,Film Threat
195,Danny King,Village Voice
196,J.R. Kinnard,PopMatters
197,Simon Kinnear,Total Film
198,Michelle Kisner,The Movie Sleuth
199,Yasmin Kleinbart,The Young Folks
200,Uri Klein,Haaretz
201,Chris Knight,National Post
202,Chris Klimek,Village Voice
203,Steve Macfarlane,Slant Magazine
204,Randall King,Jam! Movies
205,Daniel M. Kimmel,Christian Science Monitor
206,Josephine Livingstone,The New Republic
207,Lorry Kikta,Film Threat
208,Kristen Yoonsoo Kim,Hollywood Reporter
209,Jessica Kiang,BBC.com
210,Loren King,Boston Globe
211,Sheri Linden,Boxoffice Magazine
212,Kristian M. Lin,rec.arts.movies.reviews
213,Alex Lines,Film Inquiry
214,Joe Lipsett,Bloody Disgusting
215,Craig D. Lindsey,L.A. Weekly
216,Michael Sragow,The Atlantic
217,Matthew Lickona,San Diego Reader
218,Fernanda Solórzano,Letras Libres
219,Danielle Solzman,Out Magazine
220,Jason Solomons,Guardian
221,Matthew Sorrento,Bright Lights Film Journal
222,Josh Spiegel,Hollywood Reporter
223,David Keyes,David Keyes' Cinema 2000
224,Elizabeth Kerr,Hollywood Reporter
225,Wenlei Ma,Empire Magazine Australasia
226,Chance Solem-Pfeifer,PopMatters
227,Charles Solomon,indieWire
228,Jennie Kermode,Movie Gurus
229,Peter Keough,Anchorage Press
230,Mark Kermode,Guardian
231,Glenn Kenny,New York Times
232,James Kendrick,Q Network Film Desk
233,Lisa Kennedy,L.A. Weekly
234,Mark Kennedy,Associated Press
235,Ben Kenigsberg,L.A. Weekly
236,Tom Keogh,Film.com
237,Mark Keizer,Boxoffice Magazine
238,Louise Keller,Urban Cinefile
239,Joe Leydon,Film Scouts
240,Matthew Leyland,BBC.com
241,Joel Keller,Cinematical
242,Stephen Kelly,Guardian
243,Philip Kemp,Total Film
244,Ella Kemp,Empire Magazine
245,Robert Levin,The Atlantic
246,Damian Levy,Jamaica Gleaner
247,Donald J. Levit,Film Threat
248,Don R. Lewis,Film Threat
249,David Lewis,San Francisco Chronicle
250,Christy Lemire,Newsweek
251,Will Leitch,New York Magazine/Vulture
252,Danny Leigh,Guardian
253,Bobby LePire,Film Threat
254,Kerry Lengel,Arizona Republic
255,Eric D. Snider,eFilmCritic.com
256,Cole Smithey,ColeSmithey.com
257,Michael Snydel,Paste Magazine
258,Neil Soans,The Times of India
259,Peter Sobczynski,Critic Doctor
260,Joanne Soh,The New Paper (Singapore)
261,Theresa Smith,Independent Online (South Africa)
262,Erika W. Smith,Bust Magazine
263,Benjamin H. Smith,Decider
264,Anthony Kaufman,"City Pages, Minneapolis/St. Paul"
265,Daniel Kasman,d+kaz. intelligent movie reviews
266,Anita Katz,San Francisco Examiner
267,Sophie Monks Kaufman,Sight and Sound
268,Sweta Kaushal,Hindustan Times
269,Paddy Kehoe,RTÉ (Ireland)
270,Don Kaye,TNT's Rough Cut
271,Brad Keefe,Columbus Alive
272,Jeanne Kaplan,Kaplan vs. Kaplan
273,Chris Kaltenbach,Baltimore Sun
274,Inkoo Kang,Boxoffice Magazine
275,Harvey S. Karten,Film Journal International
276,David Kaplan,Kaplan vs. Kaplan
277,Benjamin Lee,Guardian
278,Edmund Lee,Screen International
279,Maggie Lee,Hollywood Reporter
280,Sebastian Zavala Kahn,ScreenAnarchy
281,Mark R. Leeper,rec.arts.movies.reviews
282,Chloe Leeson,Screen Queens
283,Andy Lea,Daily Express (UK)
284,Richard Lawson,Vanity Fair
285,Elena Lazic,Guardian
286,Nguyen Le,Film Threat
287,Manuela Lazic,indieWire
288,Michael Leader,Sight and Sound
289,Michael A. Smith,Moviehole
290,Michael Smith,Tulsa World
291,Kyle Smith,New York Post
292,Anna Smith,BBC.com
293,Derek Smith,Apollo Guide
294,Janet Smith,Georgia Straight
295,Christopher Lawrence,Las Vegas Review-Journal
296,Edward Lawrenson,Sight and Sound
297,Neil Smith,BBC.com
298,Jim Slotek,Jam! Movies
299,Shane Slater,AwardsCircuit.com
300,Joyce Slaton,Common Sense Media
301,Josh Slater-Williams,Sight and Sound
302,Courtney Small,In The Seats
303,Matt Singer,Village Voice
304,Dustin Putman,TheFilmFile.com
305,Andrew Pulver,Guardian
306,David Sims,The Atlantic
307,Dom Sinacola,Paste Magazine
308,Leigh Singer,Rotten Tomatoes
309,Claudia Puig,USA Today
310,Kristy Puchko,Guardian
311,Louis Proyect,rec.arts.movies.reviews
312,Ray Pride,Newcity
313,Matt Prigge,Philadelphia Weekly
314,James Lattimer,Sight and Sound
315,Ed Potton,Times (UK)
316,Pamela Powell,FF2 Media
317,John Powers,L.A. Weekly
318,Josh Larsen,"Sun Publications (Chicago, IL)"
319,Joanna Langfield,The Movie Minute
320,Anthony Lane,Independent (UK)
321,Jim Lane,Sacramento News & Review
322,Ned Lannamann,"The Stranger (Seattle, WA)"
323,Andrew Lapin,New York Magazine/Vulture
324,Mick LaSalle,Houston Chronicle
325,Kevin Lally,Film Journal International
326,Radheyan Simonpillai,NOW Toronto
327,Emma Simmonds,Time Out
328,Alissa Simon,Variety
329,Amie Simon,Three Imaginary Girls
330,Kevin N. Laforest,Montreal Film Journal
331,Jeff Simon,Buffalo News
332,Tomris Laffly,Film Journal International
333,Li Lai,Mediaversity Reviews
334,Molly Laich,Missoula Independent
335,Stephen Silver,American Dreamer
336,Tom Shone,Newsweek
337,Betsy Sherman,Boston Globe
338,Allison Shoemaker,AV Club
339,Kaori Shoji,IGN Movies
340,Wendy Shreve,Featuring Film
341,Barbara Shulgasser,Chicago Tribune
342,Matt Shiverdecker,Austin American-Statesman
343,Michael Sicinski,Nashville Scene
344,Randy Shulman,"Metro Weekly (Washington, DC)"
345,Edward Porter,Sunday Times (UK)
346,Xavi Sánchez Pons,Sensacine
347,Lucy Popescu,CineVue
348,Richard Porton,Chicago Reader
349,Yasmin Shehab,Daily News Egypt
350,Sergio F. Pinilla,Cinemanía (Spain)
351,Nick Pinkerton,Film Comment Magazine
352,Kyle Pinion,GeekRex
353,Andrew Pollard,Starburst
354,Neil Pond,American Profile
355,Fausto Ponce,Proceso
356,Steve Pond,TheWrap
357,David Sexton,London Evening Standard
358,Devesh Sharma,Filmfare
359,Marshall Shaffer,Slant Magazine
360,Gary Shannon,The Young Folks
361,Liam Lacey,Globe and Mail
362,Don Shanahan,Medium
363,Witney Seibold,IGN Movies
364,Matt Zoller Seitz,New York Magazine/Vulture
365,Diego Semerene,Slant Magazine
366,Nick De Semlyen,Empire Magazine
367,John Semley,Maclean's Magazine
368,Philip De Semlyen,Empire Magazine
369,Raja Sen,Rediff.com
370,John Serba,MLive.com
371,Alistair Ryder,Cinemazine
372,Nev Pierce,BBC.com
373,Juan Pablo Russo,EscribiendoCine
374,Mike Ryan,TIME Magazine
375,Shirley Sealy,Film Journal International
376,Rich Phippen,Sky Cinema
377,Keith Phipps,Slate
378,Leah Pickett,Chicago Reader
379,Michael Phillips,Baltimore Sun
380,Chelsea Phillips-Carr,National Post
381,A.O. Scott,New York Times
382,Mike Scott,Times-Picayune
383,Diane Pershing,Malibu Times
384,Aaron Peterson,The Hollywood Outsider
385,Renee Schonfeld,Common Sense Media
386,Steve Schneider,Orlando Weekly
387,Dennis Schwartz,Ozus' World Movie Reviews
388,Johanna Schneller,Toronto Star
389,Christopher Schobert,The Playlist
390,Pablo A. Scholz,Clarín
391,Conner Schwerdtfeger,CinemaBlend
392,Dan Schindel,Film School Rejects
393,Alan Scherstuhl,L.A. Weekly
394,Jim Schembri,Sydney Morning Herald
395,Tom Russo,Boston Globe
396,Mark Schilling,Screen International
397,Alison Rowat,The Herald (Scotland)
398,Shelagh Rowan-Legg,ScreenAnarchy
399,Francesca Rudkin,New Zealand Herald
400,Matthew Rozsa,Salon.com
401,Paula Arantzazu Ruiz,Sensacine
402,Adrián Ruiz,Excelsior
403,Nicolás Ruiz,Código espagueti
404,Jordan Ruimy,The Playlist
405,Juanma Ruiz,Caimán Cuadernos de Cine
406,Joshua Rothkopf,Chicago Reader
407,Deborah Ross,The Mail on Sunday (UK)
408,Rodrigo Perez,The Playlist
409,Javier Perez,Cine Premiere
410,Jason Di Rosso,At the Movies (Australia)
411,Robert Roten,Laramie Movie Scope
412,Adam Patterson,Film Pulse
413,Michael Pattison,indieWire
414,Rafael Paz,Butaca Ancha
415,Carey-Ann Pawsey,Orca Sound
416,Matthew Pejkovic,Matt's Movie Reviews
417,Gerald Peary,Boston Phoenix
418,Britton Peele,Dallas Morning News
419,Frank Scheck,Hollywood Reporter
420,Nick Schager,Boxoffice Magazine
421,Stephen Schaefer,Boston Herald
422,Sandy Schaefer,ScreenRant
423,Matt Patches,Film.com
424,Kt Schaefer,Next Best Picture
425,Daniel de Partearroyo,Sensacine
426,Matthew Passantino,Film Threat
427,S. Indra Sathiabalan,The Sun Daily (Malaysia)
428,Michael Sauter,Entertainment Weekly
429,Marc Savlov,Austin Chronicle
430,Elias Savada,Film Threat
431,Naila Scargill,FilmLand Empire
432,Jonathan Rosenbaum,Chicago Reader
433,Steve Rose,Guardian
434,Rubén Rosario,MiamiArtZine
435,Rafael Rosales Santos,Konexión
436,Tom Santilli,AXS.com
437,Morgan Rojas,Cinemacy
438,Nathaniel Rogers,CineScene.com
439,Nick Rogers,"State Journal-Register (Springfield, IL)"
440,Michael Roffman,Consequence of Sound
441,Ben Rolph,Discussing Film
442,Grant Rollings,The Sun (UK)
443,Julian Roman,LRM
444,David Rooney,Hollywood Reporter
445,Stephen Romei,The Australian
446,Jonathan Romney,Film Comment Magazine
447,Richard Roeper,Chicago Sun-Times
448,Andrew Parker,Globe and Mail
449,Barry Paris,Pittsburgh Post-Gazette
450,Juanma Fernández París,El Nuevo Día
451,David Parkinson,Empire Magazine
452,Rene Rodriguez,Miami Herald
453,Matt Pais,Chicago Tribune
454,Pat Padua,Washington Post
455,Chris Packham,Village Voice
456,Sr. Rose Pacatte,National Catholic Reporter
457,Rebecca Pahle,Film Journal International
458,Stefan Pape,HeyUGuys
459,Rachel Saltz,New York Times
460,Dan Sallitt,Village Voice
461,Lapacazo Sandoval,Los Angeles Sentinel
462,Stephen Saito,Premiere Magazine
463,Diana Saenger,ReelTalk Movie Reviews
464,Ben Sachs,Chicago Reader
465,Rubin Safaya,Cinemalogue
466,Mabel Salinas,Cine Premiere
467,Tim Robey,Empire Magazine
468,Tasha Robinson,Chicago Tribune
469,Vadim Rizov,Boxoffice Magazine
470,Kong Rithdee,Bangkok Post
471,Kevin Ritchie,eye WEEKLY
472,Vicky Roach,Courier Mail (Australia)
473,Martin Roberts,Fan The Fire
474,Chauncey K. Robinson,People's World
475,Evan Saathoff,Birth.Movies.Death.
476,Carrie Rickey,Houston Chronicle
477,Katie Rife,AV Club
478,Ruben Peralta Rigaud,Cocalecas
479,Jordan Riefe,Boston Phoenix
480,Carlos Del Río,Cine Premiere
481,Katey Rich,Film Journal International
482,Carla Renata,The Curvy Film Critic
483,Alci Rengifo,Riot Material
484,Mike Reyes,CinemaBlend
485,Simon Reynolds,Village Voice
486,Carlos Díaz Reyes,Vanguardia (Mexico)
487,Olly Richards,Empire Magazine
488,Mara Reinstein,Billboard
489,Rex Reed,Observer
490,Christopher Llewellyn Reed,Film Festival Today
491,Stephen Rebello,Playboy Online
492,Michael Rechtshaffen,Hollywood Reporter
493,Jasper Rees,Daily Telegraph (UK)
494,Monica Reid,Far Out Magazine
495,Michael D. Reid,"Victoria Times Colonist (B.C., Canada)"
496,Matthew Razak,Examiner.com
497,Nicolas Rapold,Film Comment Magazine
498,Jordan Raup,The Film Stage
499,Joe Reid,Slate
500,Nandini Ramnath,Scroll.in
501,Manjusha Radhakrishnan,Gulf News (UAE)
502,Peter Rainer,Christian Science Monitor
503,Baradwaj Rangan,The Hindu
504,Kevin A. Ranson,MovieCrypt.com
505,Jeffrey Overstreet,Looking Closer
506,Andrew Osmond,Empire Magazine
507,Manoj Kumar R,The Indian Express
508,Christopher Orr,The Atlantic
509,Tricia Olszewski,Film Threat
510,Mark Olsen,Boxoffice Magazine
511,Jacob Oller,Film School Rejects
512,J. Olson,Cinemixtape
513,Brian Orndorf,BrianOrndorf.com
514,Michelle Orange,"City Pages, Minneapolis/St. Paul"
515,Michael Ordoña,Chicago Tribune
516,Avi Offer,NYC Movie Guru
517,Javier Ocaña,El Pais (Spain)
518,Frank Ochieng,rec.arts.movies.reviews
519,Michael O'Sullivan,Washington Post
520,Charlotte O'Sullivan,London Evening Standard
521,Matt Oakes,Silver Screen Riot
522,David Ocadiz,Cinergética
523,Matthew Odam,Austin American-Statesman
524,Abby Olcese,Kansas City Star
525,Johnny Oleksinski,New York Post
526,Clint O'Connor,Cleveland Plain Dealer
527,Austin O'Connor,Lowell Sun
528,Rory O'Connor,The Film Stage
529,Sheila O'Malley,Chicago Sun-Times
530,Helen O'Hara,Empire Magazine
531,John Nugent,Empire Magazine
532,Jocelyn Noveck,Associated Press
533,David Nusair,Apollo Guide
534,Sean O'Connell,Filmcritic.com
535,Aine O'Connor,Sunday Independent (Ireland)
536,Anthony O'Connor,Rotten Tomatoes
537,Christopher Null,Filmcritic.com
538,David Noh,Film Journal International
539,Mayer Nissim,Sky Cinema
540,Emmanuel Noisette,The Movie Blog
541,Michael Nordine,"City Pages, Minneapolis/St. Paul"
542,Reza Noorani,The Times of India
543,John Noonan,FILMINK (Australia)
544,Matthew Norman ,London Evening Standard
545,Henry Northmore,The List
546,Amy Nicholson,Boxoffice Magazine
547,Steve Newton,Georgia Straight
548,Nick Newman,Little White Lies
549,Kim Newman,Empire Magazine
550,Alan Ng,Film Threat
551,Ben Nicholson,Sight and Sound
552,Perri Nemiroff,CinemaBlend
553,Jamie Neish,Little White Lies
554,Jorge (JJ) Negrete,Cine Premiere
555,Lisa Nesselson,Film Scouts
556,C.H. Newell,Film Inquiry
557,Chris Newbould,The National (UAE)
558,Steve Newall,Flicks.co.nz
559,PJ Nabarro,Little White Lies
560,Andrew Wyatt,Gateway Cinephile
561,Rohan Naahar,Hindustan Times
562,Ian Nathan,BBC.com
563,Daniel Nava,Chicago Cinema Circuit
564,Ignacio Navarro,El antepenúltimo mohicano
565,Chris Nashawaty,Entertainment Weekly
566,Julio Fernando Navas,Cinema Ecuador
567,Adam Nayman,Boxoffice Magazine
568,Matt Neal,The Standard
569,Dorothy Woodend,Hakai Magazine
570,Adam Woodward,Little White Lies
571,Julian Wood,FILMINK (Australia)
572,Hannah Woodhead,Little White Lies
573,Toby Woollaston,New Zealand Herald
574,Andrew Wright,rec.arts.movies.reviews
575,Damon Wise,Empire Magazine
576,Jon Winkler,The Young Folks
577,Josh Winning,Total Film
578,John Wirt,"Advocate (Baton Rouge, LA)"
579,Clint Worthington,Consequence of Sound
580,Heather Wixson,Dread Central
581,Susan Wloszczyna,USA Today
582,Matt Wolf,Guardian
583,Gary Wolcott,Tri-City Herald
584,April Wolfe,Film Comment Magazine
585,Jake Wilson,Urban Cinefile
586,Staci Layne Wilson,Sci-Fi Weekly
587,Calvin Wilson,Kansas City Star
588,Norman Wilner,Toronto Star
589,Alison Willmore,Movieline
590,Sharronda Williams,Pay Or Wait
591,Chuck Wilson,"City Pages, Minneapolis/St. Paul"
592,Amber Wilkinson,iofilm.co.uk
593,Ron Wilkinson,Monsters and Critics
594,Alissa Wilkinson,Christianity Today
595,David Wiegand,San Francisco Chronicle
596,Budd Wilkins,Film Journal International
597,Frank Wilkins,ReelTalk Movie Reviews
598,Cameron Williams,Little White Lies
599,Kam Williams,Boston Phoenix
600,Craig Williams,Little White Lies
601,Stephen Whitty,Film Journal International
602,Ed Whitfield,What Culture
603,Armond White,National Review
604,Dave White,IFilm
605,Hilary A White,Sunday Independent (Ireland)
606,James White,Empire Magazine
607,Danielle White,Austin Chronicle
608,Paul Whitington,Irish Independent
609,Richard Whittaker,Austin Chronicle
610,Oliver Whitney,Huffington Post
611,Glenn Whipp,Baltimore Sun
612,Jay Weissberg,Variety
613,Elizabeth Weitzman,Film.com
614,Amy West,Empire Magazine
615,Chase Whale,Film Threat
616,Brad Wheeler,Globe and Mail
617,Emily Wheeler,Film Inquiry
618,Max Weiss,New York Magazine/Vulture
619,Scott Weinberg,Apollo Guide
620,Dan Webster,Spokesman-Review (Washington)
621,S. James Wegg,JWR
622,Sam Weisberg,L.A. Weekly
623,Matt Ward,Cinematic Considerations
624,Amon Warmann,Empire Magazine
625,Chris Wasser,The Herald (Ireland)
626,Keith Watson,Slant Magazine
627,Julie Washington,Cleveland Plain Dealer
628,Sarah Watt,Stuff.co.nz
629,Katie Walsh,indieWire
630,Widgett Walls,Needcoffee.com
631,Jarrod Walker,FILMINK (Australia)
632,Ian Waldron-Mantgani,Apollo Guide
633,Chloe Walker,Film Inquiry
634,Joseph Walsh,Time Out
635,Sarah Ward,FILMINK (Australia)
636,Amanda Waltz,The Film Stage
637,Deborah Young,Film Comment Magazine
638,Neil Young,Hollywood Reporter
639,Emily Yoshida,New York Magazine/Vulture
640,Toby Young,Daily Mail (UK)
641,Àngel Quintana,Caimán Cuadernos de Cine
642,Rachel Wagner,Rotoscopers
643,Matthew Turner,Empire Magazine
644,Kenneth Turan,Los Angeles Times
645,Kent Turner,Film-Forward.com
646,Peter Turner,Starburst
647,Eve Tushnet,Patheos
648,Kyle Turner,New York Times
649,Clarence Tsui,Hollywood Reporter
650,Yip Wai Yee,The Straits Times (Singapore)
651,Jen Yamato,Los Angeles Times
652,Aaron Yap,Flicks.co.nz
653,Graeme Tuckett,Stuff.co.nz
654,Betty Jo Tucker,ReelTalk Movie Reviews
655,Austin Trunick,Under the Radar
656,Ed Travis,Ain't It Cool News
657,Peter Travers,Rolling Stone
658,Richard Trenholm,CNET
659,Brian Truitt,USA Today
660,Leonardo Garcia Tsao,Film Comment Magazine
661,Tomas Trussow,Film Inquiry
662,Rosalynn Try-Hane,Battle Royale With Cheese
663,Christian Toto,PopMatters
664,Fred Topel,E! Online
665,Andrew Todd,Slashfilm
666,Matthew Toomey,ABC Radio Brisbane
667,Doris Toumarkine,Film Journal International
668,Simon Thompson,IGN Movies
669,Andrea Thompson,Chicago Reader
670,Luke Y. Thompson,Anchorage Press
671,Brian Thompson,The Young Folks
672,Tara Thorne,"The Coast (Halifax, Nova Scotia)"
673,Scott Tobias,Glyphs Film Guide
674,Trace Thurman,Bloody Disgusting
675,Aramide Tinubu,Hollywood.com
676,Chris Tilly,Rotten Tomatoes
677,Jo-Anne Titmarsh,CineVue
678,Gary Thompson,Philadelphia Daily News
679,José Teodoro,Film Comment Magazine
680,Molly Templeton,Tor.com
681,Rob Thomas,"Capital Times (Madison, WI)"
682,Roger Tennis,Cinemaclips.com
683,Josh Terry,Deseret News (Salt Lake City)
684,Martin Thomas,Double Toasted
685,Ella Taylor,The Atlantic
686,Brian Tallerico,Film Threat
687,Drew Taylor,MovieFreak.com
688,Amy Taubin,"City Pages, Minneapolis/St. Paul"
689,Esther Zuckerman,Entertainment Weekly
690,Mikel Zorrilla,Espinof
691,Janire Zurbano,Cinemanía (Spain)
692,Craig Takeuchi,Georgia Straight
693,Kate Taylor,Globe and Mail
694,Brian Viner,Daily Mail (UK)
695,Chris Vognar,New York Times
696,Ignatiy Vishnevetsky,Chicago Reader
697,Kim Voynar,Movie City News
698,Renuka Vyavahare,The Times of India
699,Pablo Villaça,Cinema em Cena
700,Stephanie Zacharek,CNN.com
701,Alan Zilberman,Washington Post
702,Gaspar Zimerman,Clarín
703,Phil Villarreal,Arizona Daily Star
704,Alberto Sáez Villarino,El antepenúltimo mohicano
705,Diva Velez,MonkeyPeaches
706,Alonso Díaz de la Vega,El Universal
707,Jim Vejvoda,IGN Movies
708,William Venegas,La Nación (Costa Rica)
709,James Verniere,Boston Herald
710,Ethan Vestby,Little White Lies
711,Rob Vaux,Filmcritic.com
712,Kelly Vance,East Bay Express
713,Hugo Hernández Valdivia,Cinexcepción
714,Rohit Vats,Hindustan Times
715,Barbara VanDenburgh,Arizona Republic
716,Todd VanDerWerff,Slant Magazine
717,Keith Uhlich,Baltimore City Paper
718,Nathalie Atkinson,National Post
719,Oscar Uriel,Cinema Tradicional
720,John Urbancich,Your Movies (cleveland.com)
721,Andrew L. Urban,Urban Cinefile
722,Michael Atkinson,Boston Phoenix
723,Israel Acosta Aroche,Konexión
724,Akhil Arora,Gadgets360
725,Emily Asher-Perrin,Tor.com
726,Emily Ashby,Common Sense Media
727,Indra Arriaga,Anchorage Press
728,Will Ashton,Pittsburgh City Paper
729,Mark Asch,Film Comment Magazine
730,Nathalia Aryani,The MovieMaven
731,Jeremy Aspinall,Radio Times
732,Marie Asner,Phantom Tollbooth
733,Mallory Andrews,indieWire
734,Tim Appelo,L.A. Weekly
735,Stephanie Archer,Film Inquiry
736,Michael Arbeiter,Hollywood.com
737,Alex Arabian,PopMatters
738,Bill Arceneaux,Film Threat
739,Nigel Andrews,Times (UK)
740,Soren Andersen,Seattle Times
741,John Anderson,Baltimore Sun
742,Sameen Amer,The News International (Pakistan)
743,Jeffrey M. Anderson,Combustible Celluloid
744,Kyle Anderson,Nerdist
745,Matthew Anderson,Total Film
746,Jason Anderson,eye WEEKLY
747,Melissa Anderson,"City Pages, Minneapolis/St. Paul"
748,Erik Anderson,AwardsWatch
749,Geoff Andrew,Sight and Sound
750,Nick Allen,RogerEbert.com
751,Ethan Alter,Film Journal International
752,Peg Aloi,Boston Phoenix
753,Victoria Alexander,FilmsInReview.com
754,Al Alexander,The Patriot Ledger
755,David Aldridge,Radio Times
756,Rob Aldam,Backseat Mafia
757,Alejandro Alemán,El Universal
758,Mario Alegre,Primera Hora
759,Julia Alexander,Polygon
760,Chris Alexander,ComingSoon.net
761,Michelle Alexandria,Eclipse Magazine
762,Kaleem Aftab,Rotten Tomatoes
763,Walter V. Addiego,Houston Chronicle
764,Nate Adams,The Only Critic
765,Chris Agar,ScreenRant
766,Allen Adams,The Maine Edge
767,Sergio López Aguirre,Cine Premiere
768,Musanna Ahmed,Film Inquiry
769,Mark Adams,Hollywood Reporter
770,Mae Abdulbaki,The Young Folks
771,Robert Abele,Chicago Tribune
772,Raphael Abraham,Financial Times
773,Erica Abeel,Film Journal International
774,Beth Accomando,KPBS.org
775,Alberto Abuín,Espinof
776,Thelma Adams,Observer
777,Sam Adams,BBC.com
778,Simon Abrams,Guardian
779,Jamie East,The Sun (UK)
780,Annlee Ellingson,Boxoffice Magazine
781,Dann Gire,Chicago Daily Herald
782,Paul Byrnes,Sydney Morning Herald
783,John Byrne,RTÉ (Ireland)
784,Benjamín Harguindey,EscribiendoCine
785,Robert W. Butler,Houston Chronicle
786,Néstor Burtone,Otroscines.com
787,Jenna Busch,JoBlo's Movie Emporium
788,Richard von Busack,MetroActive
789,David N. Butterworth,rec.arts.movies.reviews
790,Chris Bumbray,rec.arts.movies.reviews
791,Sonny Bunch,Washington Times
792,Ty Burr,Boston Globe
793,Sean Burns,Philadelphia Weekly
794,Luke Buckmaster,Guardian
795,Colby Bryant,Colbybryant.com
796,Teo Bugbee,New York Times
797,Matt Brunson,Creative Loafing
798,Dwight Brown,National Newspaper Publishers Association 
799,Hannah Brown,New York Post
800,Frederic and Mary Ann Brussat,Spirituality and Practice
801,Niall Browne,ScreenRant
802,Richard Brody,New Yorker
803,Sinead Brennan,RTÉ (Ireland)
804,Jules Brenner,Filmcritic.com
805,Jamie Broadnax,Black Girl Nerds
806,Anne Brodie,What She Said
807,Xan Brooks,Guardian
808,Patrick Bromley,DVD Verdict
809,Rachel Brook,One Room With A View
810,Tim Brayton,Film Threat
811,Liz Braun,Jam! Movies
812,Tara Brady,Irish Times
813,Peter Bradshaw,Guardian
814,Charles Bramesco,Guardian
815,Simon Braund,Empire Magazine
816,Tori Brazier,Flickering Myth
817,Kit Bowen,Hollywood.com
818,Sarah Boslaugh,PopMatters
819,Meredith Borders,Bloody Disgusting
820,Jack Bottomley,Starburst
821,Chuck Bowen,Slant Magazine
822,Laurence Boyce,Screen International
823,Carlos Boyero,El Pais (Spain)
824,Betsy Bozdech,Reel.com
825,David 'Mad Dog' Bradley,Rip It Up
826,Ezequiel Boetti,Otroscines.com
827,Tom Bond,Total Film
828,Matthew Bond,Daily Mail (UK)
829,Carlos Bonfil,Reforma
830,Michael Bonner,Uncut Magazine [UK]
831,Bernard Boo,Film Threat
832,Bob Bloom,rec.arts.movies.reviews
833,Anton Bitel,Cinetalk
834,Ela Bittencourt,Film Comment Magazine
835,Jack Blackwell,One Room With A View
836,John Bleasdale,Sight and Sound
837,Joni Blyth,One Room With A View
838,Jason Best,BBC.com
839,Steve Biodrowski,ESplatter
840,William Bibbiani,IGN Movies
841,Tom Birchenough,The Arts Desk
842,J. Don Birnam,ComingSoon.net
843,Bryan Bishop,The Verge
844,Geoff Berkshire,Chicago Tribune
845,Abbie Bernstein,Audio Video Revolution
846,Alberto Bermejo,El Mundo (Spain)
847,Andrea G. Bermejo,Cinemanía (Spain)
848,Jo Berry,Empire Magazine
849,James Berardinelli,ReelViews
850,Josh Bell,Filmcritic.com
851,John Beifuss,"Commercial Appeal (Memphis, TN)"
852, Nicholas Bell,IONCINEMA.com
853,Iván Belmont,Konexión
854,Joe Bendel,Epoch Times
855,Rick Bentley,Fresno Bee
856,Anthony Ray Bench,Film Threat
857,Abbey Bender,Film Comment Magazine
858,Jeff Beck,Examiner.com
859,Rob Hunter,Film School Rejects
860,Allan Hunter,London Evening Standard
861,J Hurtado,ScreenAnarchy
862,Phil W. Bayles,Little White Lies
863,Andrea Beach,Common Sense Media
864,Liz Beardsworth,Empire Magazine
865,Rob Humanick,Slant Magazine
866,Tom Huddleston,Sight and Sound
867,Martin Hoyle,Time Out
868,Matt Hudson,What I Watched Tonight
869,David Hughes,Empire Magazine
870,Mark Hughes,Forbes
871,Kat Hughes,The Hollywood News
872,Kim Hughes,Original Cin
873,Lauren Humphries-Brooks,We Got This Covered
874,Chris Hunneysett,Daily Mirror (UK)
875,Anna M.M. Vetticad,Firstpost
876,Peter Howell,Toronto Star
877,Jessica Baxter,Film Threat
878,David Bax,Battleship Pretension
879,Blake Howard,Dark Horizons
880,Courtney Howard,Variety
881,Daphne Howland,L.A. Weekly
882,Marjorie Baumgarten,Austin Chronicle
883,Preston Barta,Denton Record-Chronicle
884,Megan Basham,National Review
885,"Steve ""Uncle Creepy"" Barton",Dread Central
886,Emiliano Basile,EscribiendoCine
887,Sam Bathe,Fan The Fire
888,Diego Batlle,La Nación (Argentina)
889,Nikki Baughan,Sight and Sound
890,Linda Barnard,Toronto Star
891,Daniel Barnes,Sacramento News & Review
892,Robert Horton,Film Comment Magazine
893,Jay Horton,Willamette Week
894,Simi Horwitz,Film Journal International
895,Henry Barnes,Guardian
896,Chris Barsanti,Film Journal International
897,Saskia Baron,The Arts Desk
898,Ann Hornaday,Baltimore Sun
899,Nathanael Hood,RogerEbert.com
900,Travis Hopson,Examiner.com
901,Dana Barbuto,The Patriot Ledger
902,Andrew Barker,Variety
903,Linda Holmes,NPR
904,Jonathan Barkan,Dread Central
905,Zach Hollwedel,The Playlist
906,Jonathan Holland,Hollywood Reporter
907,Jason Bailey,The Atlantic
908,Martha K. Baker,KDHX (St. Louis)
909,Kirk Baird,Toledo Blade
910,Tony Baker,Tony Baker Comedy
911,Lynden Barber,The Australian
912,Nicholas Barber,BBC.com
913,Jordan Hoffman,Film.com
914,Al Hoff,Philadelphia Weekly
915,Emmanuel Báez,Cinéfiloz
916,Lindsey Bahr,Entertainment Weekly
917,J. Hoberman,Film Comment Magazine
918,Jonathan W. Hickman,Entertainment Insiders
919,Chris Hewitt,St. Paul Pioneer Press
920,Chris Hewitt (UK),Empire Magazine
921,John Higgins,Starburst
922,David Hinckley,New York Daily News
923,Laura Hiros,Rincón de cine
924,Boyd van Hoeij,Hollywood Reporter
925,Phil Hoad,Guardian
926,Jim Judy,Screen It!
927,Brandon Judell,Entertainment Asylum
928,Lee Jutton,Film School Rejects
929,Rafer Guzman,Boston Phoenix
930,Barry Hertz,National Post
931,Eric Henderson,"City Pages, Minneapolis/St. Paul"
932,Alexandra Heller-Nicholas,Senses of Cinema
933,Alex Heeney,Seventh Row
934,Jennifer Heaton,Alternative Lens
935,Odie Henderson,L.A. Weekly
936,Molly Henery,The Blogging Banshee
937,André Hereford,Film Journal International
938,Carlos F. Heredero,Caimán Cuadernos de Cine
939,Philippa Hawker,Sydney Morning Herald
940,Shubhra Gupta,The Indian Express
941,Jonathan Hatfull,SciFiNow
942,Rachit Gupta,The Times of India
943,Britt Hayes,Birth.Movies.Death.
944,Edward Havens,FilmJerk.com
945,Richard James Havis,Film Journal International
946,Harry Haun,Film Journal International
947,John Hazelton,Screen International
948,Shawn Hazelett,Under the Radar
949,Michael Heaton,Cleveland Plain Dealer
950,Bob Grimm,Tucson Weekly
951,Joe Gross,Austin American-Statesman
952,Phil Guie,Film-Forward.com
953,Andrea Gronvall,Chicago Reader
954,Jamal-Dean Grootboom,Independent Online (South Africa)
955,Nikola Grozdanovic,The Playlist
956,Harry Guerin,RTÉ (Ireland)
957,Jason Guerrasio,Business Insider
958,Tim Grierson,"City Pages, Minneapolis/St. Paul"
959,Steven D. Greydanus,Decent Films Guide
960,Glenn Heath Jr.,Cineaste Magazine
961,Felix Vasquez Jr.,Film Threat
962,Namrata Joshi,The Hindu
963,Tara Judah,Sight and Sound
964,Amanda Greever,The Daily Times (Tennessee)
965,Todd Jorgenson,Rotten Tomatoes
966,Rendy Jones,Rendy Reviews
967,Alan Jones,Radio Times
968,Jesse Hassenger,Filmcritic.com
969,Zaki Hasan,Philadelphia Weekly
970,Tina Hassannia,National Post
971,Eileen Jones,In These Times
972,Nick Hasted,Little White Lies
973,Oliver Jones,Observer
974,John Hartl,Film.com
975,Lauren Carroll Harris,Guardian
976,Eddie Harrison,The List
977,Margot Harrison,Seven Days
978,Peter Hartlaub,Houston Chronicle
979,Dennis Harvey,Film Comment Magazine
980,Kristian Harloff,Schmoes Know
981,Kevin Harley,Total Film
982,Leah Greenblatt,Entertainment Weekly
983,Ray Greene,Boxoffice Magazine
984,Daniel Green,Little White Lies
985,Alistair Harkness,Edinburgh U Film Society
986,James Greenberg,culturevulture.net
987,Wes Greene,Slant Magazine
988,Adam Graham,Detroit News
989,Bill Goodykoontz,Arizona Republic
990,Jason Gorber,Film Scouts
991,Sarah Gopaul,Digital Journal
992,Chris Gore,Film Threat
993,Susan Granger,rec.arts.movies.reviews
994,Jamie Graham,Total Film
995,Ali Gray,TheShiznit.co.uk
996,Peter Gray,The AU Review
997,Christopher Gray,Slant Magazine
998,J. R. Jones,Chicago Reader
999,Trevor Johnston,Sight and Sound
1000,Edward Johnson-Ott,NUVO Newsweekly
1001,Nick Johnston,Vanyaland
1002,Ellen E Jones,Total Film
1003,Rain Jokinen,SFist
1004,Dan Jolin,Empire Magazine
1005,Kimberley Jones,Austin Chronicle
1006,Ed Gonzalez,Apollo Guide
1007,Luke Goodsell,Rotten Tomatoes
1008,G. Allen Johnson,Film Threat
1009,Brian D. Johnson,Maclean's Magazine
1010,MaryAnn Johanson,Apollo Guide
1011,Kevin C. Johnson,St. Louis Post-Dispatch
1012,Travis Johnson,Guardian
1013,CJ Johnson,ABC Radio (Australia)
1014,Allyson Johnson,The Playlist
1015,Terence Johnson,AwardsCircuit.com
1016,JimmyO,JoBlo's Movie Emporium
1017,John Hanlon,Big Hollywood
1018,Brent Hankins,Spoiler TV
1019,Ken Hanke,"Mountain Xpress (Asheville, NC)"
1020,Simran Hans,Guardian
1021,Federico Furzan,El Otro Cine
1022,Phil Hall,Film Threat
1023,Sandra Hall,Sydney Morning Herald
1024,Mike Hale,New York Times
1025,Ed Halter,L.A. Weekly
1026,Fionnuala Halligan,Screen International
1027,Karen Han,New York Magazine/Vulture
1028,A.S. Hamrah,Harper's Magazine
1029,Angie Han,Slashfilm
1030,Pete Hammond,Boxoffice Magazine
1031,Pete Vonder Haar,Film Threat
1032,Rob Gonsalves,eFilmCritic.com
1033,Gary Goldstein,Baltimore Sun
1034,Leo Goldsmith,indieWire
1035,Di Golding,Dear Cast and Crew
1036,Roxana Hadadi,Washington Post
1037,James Hadfield,Japan Times
1038,Owen Gleiberman,BBC.com
1039,Tom Glasson,Concrete Playground
1040,Eli Glasner,CBC News
1041,Tom Gliatto,People Magazine
1042,Arlin Golden,Film Inquiry
1043,Blake Goble,Consequence of Sound
1044,Amy Glynn,Paste Magazine
1045,Matt Goldberg,Collider
1046,Matt Glasby,Total Film
1047,Mark Jenkins,Washington Post
1048,Ren Jender,L.A. Weekly
1049,David Jenkins,Total Film
1050,Udita Jhunjhunwala,Hindustan Times
1051,Lisa Jensen,Good Times Santa Cruz
1052,Noah Gittell,The Atlantic
1053,Jack Giroux,Bullz-Eye.com
1054,Jeremy Jahns,JeremyJahns.com
1055,Kevin Jagernauth,PopMatters
1056,Caryn James,BBC.com
1057,David James,We Got This Covered
1058,Christopher James,AwardsCircuit.com
1059,Doug Jamieson,The Jam Report
1060,Shilpa Jamkhandikar,Reuters
1061,Ken Jaworowski,New York Times
1062,Francis X. Friel,"Mountain Xpress (Asheville, NC)"
1063,Graham Fuller,Boston Phoenix
1064,Jon Frosch,The Atlantic
1065,Mark Jackson,Epoch Times
1066,Kenji Fujishima,Village Voice
1067,Bryant Frazer,Apollo Guide
1068,Candice Frederick,New York Times
1069,Erin Free,Hollywood Reporter
1070,Alan French,AwardsCircuit.com
1071,Filipe Freitas,Film Threat
1072,Ian Freer,Empire Magazine
1073,Molly Freeman,Hollywood.com
1074,Adam Fresco,Flicks.co.nz
1075,Cameron Frew,Flickering Myth
1076,Asia Frey,"Lagniappe (Mobile, AL)"
1077,Joe Friar,The Victoria Advocate
1078,Garth Franklin,Dark Horizons
1079,Michael Gingold,Rue Morgue Magazine
1080,Teddy Durgin,Screen It!
1081,Alonso Duralde,MSNBC
1082,Joe Dziemianowicz,New York Daily News
1083,Ed Frankl,The Film Stage
1084,Ryan Gilbey,Guardian
1085,Brian Gibson,"Vue Weekly (Edmonton, Alberta)"
1086,Norm Gidney,Film Threat
1087,Bradley Gibson,Film Threat
1088,Todd Gilchrist,Boxoffice Magazine
1089,Brian Gill,Mad About Movies Podcast
1090,Alison Gillmor,Winnipeg Free Press
1091,Ed Gibbs,Empire Magazine
1092,Johnny Gayzmonic,Fanboys of the Universe
1093,Justin Gerber,Consequence of Sound
1094,John Gholson,Cinematical
1095,Simon Foster,FILMINK (Australia)
1096,David Fontana,Film Inquiry
1097,Haleigh Foutch,Collider
1098,Javier Porta Fouz,La Nación (Argentina)
1099,Sam Fragoso,RogerEbert.com
1100,Russ Fischer,CHUD
1101,Paula Fleri-Soler,Times of Malta
1102,Rosie Fletcher,Total Film
1103,Jude Dry,indieWire
1104,Glenn Dunks,The Film Experience
1105,T'Cha Dunlevy,Montreal Gazette
1106,Mark Dujsik,Movie Insider
1107,Jamie Dunn,House Next Door
1108,John Fink,The Film Stage
1109,A.A. Dowd,AV Club
1110,Serena Donadoni,Baltimore City Paper
1111,Matt Donato,Film Journal International
1112,Evan Dossey,Midwest Film Journal
1113,Edward Douglas,Film Journal International
1114,Gary Dowell,Baltimore City Paper
1115,Scott Von Doviak,Film Threat
1116,Maria Garcia,Cineaste Magazine
1117,Yago García,Cinemanía (Spain)
1118,Stephen Garrett,Observer
1119,Kent Garrison,Mad About Movies Podcast
1120,Brian Gallagher,IGN Movies
1121,Simon Gallagher,Film School Rejects
1122,Rolando Gallego,EscribiendoCine
1123,Patrick Gamble,Sight and Sound
1124,Peter Galvin,FILMINK (Australia)
1125,Luis Fernando Galván,En Filme
1126,Charles Gant,Independent (UK)
1127,Marcos Gandía,Sensacine
1128,Dan Fienberg,Film Threat
1129,Mariana Fernández,Butaca Ancha
1130,Fausto Fernandez,Fotogramas
1131,Bennett Campbell Ferguson,Willamette Week
1132,Sara Michelle Fetters,MovieFreak.com
1133,Alex Doenau,Trespass
1134,Emma Dibdin,Total Film
1135,Zena Dixon,Dread Central
1136,Ernesto Diezmartinez,Reforma
1137,Clayton Dillard,Slant Magazine
1138,Robert Denerstein,Denver Rocky Mountain News
1139,Michael Dequina,Film Threat
1140,Rahul Desai,The Hindu
1141,Nick Dent,Time Out
1142,Kevin Crust,Los Angeles Times
1143,Andy Crump,Little White Lies
1144,David Crow,Den of Geek
1145,Jane Crowther,BBC.com
1146,Steve Crum,Kansas City Kansan
1147,Deirdre Crimmins,Rue Morgue Magazine
1148,Leslie Felperin,Guardian
1149,Kathy Fennessy,Film.com
1150,Julie Crawford,"North Shore News (Vancouver, B.C.)"
1151,Irene Crespo,Cinemanía (Spain)
1152,Jordan Cronk,Film Comment Magazine
1153,James Croot,Stuff.co.nz
1154,David Fear,Rolling Stone
1155,M. Faust,ArtVoice
1156,Mark Feeney,Boston Globe
1157,Chris Feil,The Film Experience
1158,Isaac Feldberg,Boston Globe
1159,Stephen Farber,Hollywood Reporter
1160,Bruce DeMara,Toronto Star
1161,Laura DeMarco,Cleveland Plain Dealer
1162,Matt Fagerholm,RogerEbert.com
1163,Dan Fainaru,Screen International
1164,Mark Demetrius,FILMINK (Australia)
1165,Michael Fairbanks,The Young Folks
1166,Kevin Fallon,The Atlantic
1167,Jordan Farley,Total Film
1168,Peter Debruge,Premiere Magazine
1169,Mathew DeKinder,Suburban Journals of St. Louis
1170,Tom Dawson,BBC.com
1171,Jonathan Dean,Sunday Times (UK)
1172,Rob Dean,Bullz-Eye.com
1173,John DeFore,Atlanta Journal-Constitution
1174,Laura Delaney,RTÉ (Ireland)
1175,Jake Coyle,Associated Press
1176,Steph Cozza,Aggressive Comix
1177,Anwen Crawford,The Monthly (Australia)
1178,Blake Crane,Film Racket
1179,Clayton Davis,AwardsCircuit.com
1180,Steve Davis,Austin Chronicle
1181,Douglas Davidson,Elements of Madness
1182,Jordi Costa,El Pais (Spain)
1183,Alan Corr,RTÉ (Ireland)
1184,Roth Cornet,IGN Movies
1185,Alberto Corona,Sensacine
1186,Dominic Corry,New Zealand Herald
1187,Brooke Corso,"The Monitor (McAllen, TX)"
1188,Brian Costello,Common Sense Media
1189,Randy Cordova,Los Angeles Times
1190,Cary Darling,Houston Chronicle
1191,Harris Dang,Impulse Gamer
1192,Stephen Danay,Under the Radar
1193,Jackie K. Cooper,Entertainment Insiders
1194,Robert Daniels,ThatShelf.com
1195,Manohla Dargis,Film Comment Magazine
1196,Stephanie Cooke,Rogues Portal
1197,Stephen Dalton,Hollywood Reporter
1198,Mike D'Angelo,Village Voice
1199,Linda Cook,"Quad City Times (Davenport, IA)"
1200,David D'Arcy,Film.com
1201,Alexa Dalby,Dog and Wolf
1202,Micheal Compton,Bowling Green Daily News
1203,Clark Collis,BBC.com
1204,Scott Collura,Rotten Tomatoes
1205,Philip Concannon,Phil on Film
1206,Valerie Complex,The Playlist
1207,Martyn Conterio,Film4
1208,Stephen Cole,National Post
1209,Randall Colburn,AV Club
1210,Jake Cole,Film.com
1211,Korey Coleman,Double Toasted
1212,Susan G. Cole,NOW Toronto
1213,Sean Collier,Box Office Prophets
1214,Robbie Collin,Daily Telegraph (UK)
1215,K. Austin Collins,Reverse Shot
1216,Andrew Collins,Empire Magazine
1217,Tim Cogshell,Boxoffice Magazine
1218,Laura Clifford,rec.arts.movies.reviews
1219,Carol Cling,Las Vegas Review-Journal
1220,Robin Clifford,Reeling Reviews
1221,Donald Clarke,Irish Times
1222,Cath Clarke,Guardian
1223,James Clay,Fresh Fiction
1224,Rich Cline,Film Threat
1225,Anne Cohen,Refinery29
1226,Eddie Cockrell,Nitrate Online
1227,Devan Coggan,Entertainment Weekly
1228,Carina Chocano,Chicago Tribune
1229,Greg Evans,Little White Lies
1230,Scott Chitwood,ComingSoon.net
1231,Adam Chitwood,Collider
1232,Anupama Chopra,Film Companion
1233,Erick Estrada,Cinegarage
1234,Angie Errigo,Empire Magazine
1235,Steve Erickson,Chicago Reader
1236,Kate Erbland,Boxoffice Magazine
1237,Jon Espino,The Young Folks
1238,Chris Evangelista,Empire Magazine
1239,Mark Ellis,Schmoes Know
1240,Bob Chipman,Geek
1241,Gregory Ellwood,Collider
1242,Sandie Angulo Chen,Washington Post
1243,Walter Chaw,Bad Movie Night
1244,Andrea Chase,Killer Movie Reviews
1245,Dustin Chase,Galveston Daily News
1246,Godfrey Cheshire,Film Comment Magazine
1247,Paul Chambers,CNNRadio
1248,Bill Chambers,Film Freak Central
1249,Alan Cerny,ComingSoon.net
1250,Boon Chan,The Straits Times (Singapore)
1251,Justin Chang,Los Angeles Times
1252,Jen Chaney,New York Magazine/Vulture
1253,Tom Charity,CNN.com
1254,Ken Eisner,Variety
1255,David Ehrlich,Boxoffice Magazine
1256,David Ehrenstein,L.A. Weekly
1257,Eric Eisenberg,CinemaBlend
1258,Kimberley Elizabeth,Nightmare on Film Street
1259,Jeannette Catsoulis,New York Times
1260,Roger Catlin,Salon.com
1261,Gus Edgar,Little White Lies
1262,David Edelstein,New York Magazine/Vulture
1263,Bilge Ebiri,"City Pages, Minneapolis/St. Paul"
1264,Jeffrey Edalatpour,The Rumpus
1265,Sarah Cartland,Caution Spoilers
1266,Stephen Carty,Empire Magazine
1267,Quim Casas,Sensacine
1268,Diane Carson,KDHX (St. Louis)
1269,Jorge Castillo,Planet S Magazine
1270,Alex Casey,New Zealand Herald
1271,Jesse Cataldo,Slant Magazine
1272,Eleanor Ringel Cater,Atlanta Journal-Constitution
1273,Monica Castillo,Boston Phoenix
1274,Fico Cangiano,CineXpress
1275,Clay Cane,BET.com
1276,Charles Ealy,Dallas Morning News
1277,Daniel Eagan,Film Comment Magazine
1278,Marisa Carpico,The Pop Break
1279,Rob Carnevale,BBC.com
1280,Peter Canavese,Palo Alto Weekly
1281,Christopher Campbell,CineScene.com
1282,Dave Calhoun,Sydney Morning Herald
1283,Lucero Calderón,Excelsior
1284,Dan Callahan,Bright Lights Film Journal
1285,Kambole Campbell,Empire Magazine
1286,Jordi Batlle Caminal,La Vanguardia (Spain)
1287,Giovanni Marchini Camia,Film Comment Magazine
1288,Chris Cabin,Filmcritic.com
1289,Josh Cabrita,We Got This Covered
1290,Rashid Irani,Hindustan Times
1291,Larushka Ivan-Zadeh,Times (UK)
1292,Oleg Ivanov,Slant Magazine
1293,Wendy Ide,Guardian
1294,Sherilyn Connelly,Village Voice
